{
  "prob_lr_name": "prob_lr",
  "prob_xgb_name": "prob_xgb",
  "mean": {
    "acc": 0.6,
    "auc": 0.6554761904761905,
    "brier": 0.2404566573809959,
    "confusion": [
      [
        39,
        41
      ],
      [
        33,
        72
      ]
    ]
  },
  "best_weight_search": {
    "w": 0.0,
    "auc": 0.7015476190476191
  },
  "best": {
    "acc": 0.654054054054054,
    "auc": 0.7015476190476191,
    "brier": 0.21710149435634446,
    "confusion": [
      [
        45,
        35
      ],
      [
        29,
        76
      ]
    ]
  },
  "majority_vote": {
    "acc": 0.6216216216216216,
    "auc": 0.5907738095238095
  },
  "lr": {
    "acc": 0.654054054054054,
    "auc": 0.7015476190476191,
    "brier": 0.21710149435634446,
    "confusion": [
      [
        45,
        35
      ],
      [
        29,
        76
      ]
    ]
  },
  "xgb": {
    "acc": 0.5783783783783784,
    "auc": 0.6108333333333333,
    "brier": 0.30677863329734245,
    "confusion": [
      [
        37,
        43
      ],
      [
        35,
        70
      ]
    ]
  }
}