{
  "train_years": [
    1990,
    1991,
    1992,
    1993,
    1994
  ],
  "test_year": 1995,
  "n_train": 297,
  "n_test": 185,
  "lr": {
    "acc": 0.654054054054054,
    "auc": 0.7015476190476191,
    "brier": 0.21710149435634446,
    "confusion": [
      [
        45,
        35
      ],
      [
        29,
        76
      ]
    ]
  },
  "xgb": {
    "acc": 0.5783783783783784,
    "auc": 0.6108333333333333,
    "brier": 0.3067786337509732,
    "confusion": [
      [
        37,
        43
      ],
      [
        35,
        70
      ]
    ]
  }
}