{
  "train_years": [
    1990,
    1991,
    1992,
    1993,
    1994
  ],
  "test_year": 1995,
  "n_train": 297,
  "n_test": 185,
  "lr": {
    "acc": 0.654054054054054,
    "auc": 0.7015476190476191,
    "brier": 0.21710149435634446,
    "confusion": [
      [
        45,
        35
      ],
      [
        29,
        76
      ]
    ]
  },
  "xgb": {
    "acc": 0.6378378378378379,
    "auc": 0.6586904761904764,
    "brier": 0.23380963343482397,
    "confusion": [
      [
        41,
        39
      ],
      [
        28,
        77
      ]
    ]
  },
  "meta": {
    "acc": 0.6324324324324324,
    "auc": 0.6900000000000001,
    "brier": 0.22320999753405824,
    "confusion": [
      [
        33,
        47
      ],
      [
        21,
        84
      ]
    ]
  }
}